-- phpMyAdmin SQL Dump
-- version 3.3.10
-- http://www.phpmyadmin.net
--
-- Host: localhost
-- Generation Time: Jul 08, 2012 at 06:57 PM
-- Server version: 5.5.23
-- PHP Version: 5.3.11

SET SQL_MODE="NO_AUTO_VALUE_ON_ZERO";


/*!40101 SET @OLD_CHARACTER_SET_CLIENT=@@CHARACTER_SET_CLIENT */;
/*!40101 SET @OLD_CHARACTER_SET_RESULTS=@@CHARACTER_SET_RESULTS */;
/*!40101 SET @OLD_COLLATION_CONNECTION=@@COLLATION_CONNECTION */;
/*!40101 SET NAMES utf8 */;

--
-- Database: `v_install_agni`
--

-- --------------------------------------------------------

--
-- Table structure for table `an_accounts`
--

CREATE TABLE IF NOT EXISTS `an_accounts` (
  `account_id` int(11) NOT NULL AUTO_INCREMENT,
  `account_username` varchar(255) DEFAULT NULL,
  `account_email` varchar(255) DEFAULT NULL,
  `account_password` varchar(255) DEFAULT NULL,
  `account_fullname` varchar(255) DEFAULT NULL,
  `account_birthdate` date DEFAULT NULL,
  `account_avatar` varchar(255) DEFAULT NULL,
  `account_signature` text,
  `account_timezone` varchar(10) NOT NULL DEFAULT 'UP7',
  `account_language` varchar(10) DEFAULT NULL,
  `account_create` datetime DEFAULT NULL COMMENT 'local time',
  `account_create_gmt` datetime DEFAULT NULL COMMENT 'gmt0, utc0',
  `account_last_login` datetime DEFAULT NULL,
  `account_last_login_gmt` datetime DEFAULT NULL,
  `account_online_code` varchar(255) DEFAULT NULL COMMENT 'store session code for check dubplicate log in if enabled.',
  `account_status` int(1) NOT NULL DEFAULT '0' COMMENT '0=disable, 1=enable',
  `account_status_text` varchar(255) DEFAULT NULL,
  `account_new_email` varchar(255) DEFAULT NULL,
  `account_new_password` varchar(255) DEFAULT NULL,
  `account_confirm_code` varchar(255) DEFAULT NULL,
  PRIMARY KEY (`account_id`)
) ENGINE=InnoDB  DEFAULT CHARSET=utf8 AUTO_INCREMENT=2 ;

--
-- Dumping data for table `an_accounts`
--

INSERT INTO `an_accounts` (`account_id`, `account_username`, `account_email`, `account_password`, `account_fullname`, `account_birthdate`, `account_avatar`, `account_signature`, `account_timezone`, `account_language`, `account_create`, `account_create_gmt`, `account_last_login`, `account_last_login_gmt`, `account_online_code`, `account_status`, `account_status_text`, `account_new_email`, `account_new_password`, `account_confirm_code`) VALUES
(0, 'Guest', 'none@localhost', NULL, 'Guest', NULL, NULL, NULL, 'UP7', NULL, '2012-04-03 00:00:00', '2012-04-03 00:00:00', NULL, NULL, NULL, 0, 'You can''t login with this account.', NULL, NULL, NULL),
(1, 'admin', 'admin@localhost.com', '6e6f59d20ef87183781895cb20d13c6663f3890c', NULL, NULL, NULL, NULL, 'UP7', NULL, '2012-04-03 00:00:00', '2012-04-03 00:00:00', '2012-04-03 00:00:00', '2012-04-03 00:00:00', NULL, 1, NULL, NULL, NULL, NULL);

-- --------------------------------------------------------

--
-- Table structure for table `an_account_level`
--

CREATE TABLE IF NOT EXISTS `an_account_level` (
  `level_id` int(11) NOT NULL AUTO_INCREMENT,
  `level_group_id` int(11) NOT NULL,
  `account_id` int(11) NOT NULL,
  PRIMARY KEY (`level_id`),
  KEY `level_group_id` (`level_group_id`),
  KEY `account_id` (`account_id`)
) ENGINE=InnoDB  DEFAULT CHARSET=utf8 AUTO_INCREMENT=3 ;

--
-- Dumping data for table `an_account_level`
--

INSERT INTO `an_account_level` (`level_id`, `level_group_id`, `account_id`) VALUES
(1, 4, 0),
(2, 1, 1);

-- --------------------------------------------------------

--
-- Table structure for table `an_account_level_group`
--

CREATE TABLE IF NOT EXISTS `an_account_level_group` (
  `level_group_id` int(11) NOT NULL AUTO_INCREMENT,
  `level_name` varchar(255) DEFAULT NULL,
  `level_description` text,
  `level_priority` int(5) NOT NULL DEFAULT '1' COMMENT 'lower is more higher priority',
  PRIMARY KEY (`level_group_id`)
) ENGINE=InnoDB  DEFAULT CHARSET=utf8 AUTO_INCREMENT=5 ;

--
-- Dumping data for table `an_account_level_group`
--

INSERT INTO `an_account_level_group` (`level_group_id`, `level_name`, `level_description`, `level_priority`) VALUES
(1, 'Super administrator', 'Site owner.', 1),
(2, 'Administrator', NULL, 2),
(3, 'Member', 'For registered user.', 999),
(4, 'Guest', 'For non register user.', 1000);

-- --------------------------------------------------------

--
-- Table structure for table `an_account_level_permission`
--

CREATE TABLE IF NOT EXISTS `an_account_level_permission` (
  `permission_id` int(11) NOT NULL AUTO_INCREMENT,
  `level_group_id` int(11) NOT NULL,
  `permission_page` varchar(255) NOT NULL,
  `permission_action` varchar(255) DEFAULT NULL,
  PRIMARY KEY (`permission_id`),
  KEY `level_group_id` (`level_group_id`)
) ENGINE=InnoDB DEFAULT CHARSET=utf8 AUTO_INCREMENT=1 ;

--
-- Dumping data for table `an_account_level_permission`
--


-- --------------------------------------------------------

--
-- Table structure for table `an_account_logins`
--

CREATE TABLE IF NOT EXISTS `an_account_logins` (
  `account_login_id` int(11) NOT NULL AUTO_INCREMENT,
  `account_id` int(11) DEFAULT NULL,
  `login_ua` varchar(255) DEFAULT NULL,
  `login_os` varchar(255) DEFAULT NULL,
  `login_browser` varchar(255) DEFAULT NULL,
  `login_ip` varchar(50) DEFAULT NULL,
  `login_time` datetime DEFAULT NULL,
  `login_time_gmt` datetime DEFAULT NULL,
  `login_attempt` int(1) NOT NULL DEFAULT '0' COMMENT '0=fail, 1=success',
  `login_attempt_text` varchar(255) DEFAULT NULL,
  PRIMARY KEY (`account_login_id`),
  KEY `account_id` (`account_id`)
) ENGINE=InnoDB  DEFAULT CHARSET=utf8 AUTO_INCREMENT=1 ;

--
-- Dumping data for table `an_account_logins`
--

-- --------------------------------------------------------

--
-- Table structure for table `an_blocks`
--

CREATE TABLE IF NOT EXISTS `an_blocks` (
  `block_id` int(11) NOT NULL AUTO_INCREMENT,
  `theme_system_name` varchar(255) DEFAULT NULL,
  `area_name` varchar(255) DEFAULT NULL,
  `position` int(5) NOT NULL DEFAULT '1',
  `language` varchar(5) DEFAULT NULL,
  `block_name` varchar(255) DEFAULT NULL,
  `block_file` varchar(255) DEFAULT NULL,
  `block_values` text,
  `block_status` int(1) NOT NULL DEFAULT '0' COMMENT '0=disable, 1=enable',
  `block_except_uri` text,
  `block_only_uri` text,
  PRIMARY KEY (`block_id`),
  KEY `theme_system_name` (`theme_system_name`),
  KEY `area_name` (`area_name`)
) ENGINE=InnoDB  DEFAULT CHARSET=utf8 AUTO_INCREMENT=5 ;

--
-- Dumping data for table `an_blocks`
--

INSERT INTO `an_blocks` (`block_id`, `theme_system_name`, `area_name`, `position`, `language`, `block_name`, `block_file`, `block_values`, `block_status`, `block_except_uri`) VALUES
(1, 'system', 'sidebar', 1, 'th', 'corelangswitch', 'core/widgets/corelangswitch/corelangswitch.php', 'a:1:{s:11:"block_title";s:12:"ภาษา";}', 1, NULL),
(2, 'system', 'sidebar', 2, 'th', 'corelogin', 'core/widgets/corelogin/corelogin.php', 'a:2:{s:11:"block_title";s:18:"สมาชิก";s:15:"show_admin_link";s:1:"1";}', 1, NULL),
(3, 'system', 'sidebar', 1, 'en', 'corelangswitch', 'core/widgets/corelangswitch/corelangswitch.php', 'a:1:{s:11:"block_title";s:9:"Languages";}', 1, NULL),
(4, 'system', 'sidebar', 2, 'en', 'corelogin', 'core/widgets/corelogin/corelogin.php', 'a:2:{s:11:"block_title";s:6:"Member";s:15:"show_admin_link";s:1:"1";}', 1, NULL);

-- --------------------------------------------------------

--
-- Table structure for table `an_ci_sessions`
--

CREATE TABLE IF NOT EXISTS `an_ci_sessions` (
  `session_id` varchar(40) NOT NULL DEFAULT '0',
  `ip_address` varchar(50) NOT NULL DEFAULT '0',
  `user_agent` varchar(120) NOT NULL,
  `last_activity` int(10) unsigned NOT NULL DEFAULT '0',
  `user_data` text NOT NULL,
  PRIMARY KEY (`session_id`),
  KEY `last_activity_idx` (`last_activity`)
) ENGINE=InnoDB DEFAULT CHARSET=utf8;

--
-- Dumping data for table `an_ci_sessions`
--

-- --------------------------------------------------------

--
-- Table structure for table `an_comments`
--

CREATE TABLE IF NOT EXISTS `an_comments` (
  `comment_id` int(11) NOT NULL AUTO_INCREMENT,
  `parent_id` int(11) NOT NULL DEFAULT '0',
  `post_id` int(11) DEFAULT NULL,
  `account_id` int(11) DEFAULT NULL,
  `name` varchar(255) DEFAULT NULL COMMENT 'comment author''s name',
  `subject` varchar(255) DEFAULT NULL,
  `comment_body_value` longtext,
  `email` varchar(255) DEFAULT NULL COMMENT 'comment author''s email',
  `homepage` varchar(255) DEFAULT NULL COMMENT 'comment author''s homepage',
  `comment_status` int(1) NOT NULL DEFAULT '0' COMMENT '0=not publish, 1=published',
  `comment_spam_status` varchar(100) NOT NULL DEFAULT 'normal' COMMENT 'comment spam status (normal, spam, ham, what ever)',
  `ip_address` varchar(50) DEFAULT NULL,
  `user_agent` varchar(255) DEFAULT NULL,
  `comment_add` bigint(20) DEFAULT NULL,
  `comment_add_gmt` bigint(20) DEFAULT NULL,
  `comment_update` bigint(20) DEFAULT NULL,
  `comment_update_gmt` bigint(20) DEFAULT NULL,
  `thread` varchar(255) DEFAULT NULL,
  PRIMARY KEY (`comment_id`),
  KEY `account_id` (`account_id`),
  KEY `post_id` (`post_id`),
  KEY `parent_id` (`parent_id`)
) ENGINE=InnoDB  DEFAULT CHARSET=utf8 AUTO_INCREMENT=3 ;

--
-- Dumping data for table `an_comments`
--

INSERT INTO `an_comments` (`comment_id`, `parent_id`, `post_id`, `account_id`, `name`, `subject`, `comment_body_value`, `email`, `homepage`, `comment_status`, `comment_spam_status`, `ip_address`, `user_agent`, `comment_add`, `comment_add_gmt`, `comment_update`, `comment_update_gmt`, `thread`) VALUES
(1, 0, 1, 1, 'admin', 'ความคิดเห็นแรก', 'นี่คือความคิดเห็น.\r\n\r\nคุณสามารถจัดการแก้ไขหรือลบได้ โดยการบันทึกเข้ามาทางหน้าผู้ดูแล และจัดการตามต้องการ.', NULL, NULL, 1, 'normal', '::1', 'Mozilla/5.0 (Windows NT 6.1; WOW64; rv:13.0) Gecko/20100101 Firefox/13.0.1', 1341748213, 1341723013, 1341748487, 1341723287, '01/'),
(2, 0, 2, 1, 'admin', 'First comment', 'This is comment.\r\n\r\nYou can edit or delete comment by log in to site admin page.', NULL, NULL, 1, 'normal', '::1', 'Mozilla/5.0 (Windows NT 6.1; WOW64; rv:13.0) Gecko/20100101 Firefox/13.0.1', 1341748481, 1341723281, 1341748481, 1341723281, '01/');

-- --------------------------------------------------------

--
-- Table structure for table `an_config`
--

CREATE TABLE IF NOT EXISTS `an_config` (
  `config_name` varchar(255) DEFAULT NULL,
  `config_value` varchar(255) DEFAULT NULL,
  `config_core` int(1) DEFAULT '0' COMMENT '0=no, 1=yes. if config core then please do not delete from db.',
  `config_description` text,
  KEY `config_name` (`config_name`)
) ENGINE=InnoDB DEFAULT CHARSET=utf8;

--
-- Dumping data for table `an_config`
--

INSERT INTO `an_config` (`config_name`, `config_value`, `config_core`, `config_description`) VALUES
('site_name', 'Agni CMS', 1, 'website name'),
('page_title_separator', ' &rsaquo; ', 1, 'page title separator. eg. site name | page'),
('site_timezone', 'UP7', 1, 'website default timezone'),
('duplicate_login', '0', 1, 'allow log in more than 1 place, session? set to 1/0 to allow/disallow.'),
('allow_avatar', '1', 1, 'set to 1 if use avatar or set to 0 if not use it.'),
('avatar_size', '200', 1, 'set file size in Kilobyte.'),
('avatar_allowed_types', 'gif|jpg|png', 1, 'avatar allowe file types (see reference from codeigniter)\r\neg. gif|jpg|png'),
('avatar_path', 'public/upload/avatar/', 1, 'path to directory for upload avatar'),
('member_allow_register', '1', 1, 'allow users to register'),
('member_register_notify_admin', '0', 1, 'send email to notify admin when new member register?'),
('member_verification', '1', 1, 'member verification method.\r\n1 = verify by email\r\n2 = wait for admin verify'),
('member_admin_verify_emails', 'admin@localhost.com', 1, 'emails of administrators to notice them when new member registration'),
('mail_protocol', 'mail', 1, 'The mail sending protocol.\r\nmail, sendmail, smtp'),
('mail_mailpath', '/usr/sbin/sendmail', 1, 'The server path to Sendmail.'),
('mail_smtp_host', 'localhost', 1, 'SMTP Server Address.'),
('mail_smtp_user', 'no-reply@localhost.com', 1, 'SMTP Username.'),
('mail_smtp_pass', '', 1, 'SMTP Password.'),
('mail_smtp_port', '25', 1, 'SMTP Port.'),
('mail_sender_email', 'no-reply@localhost.com', 1, 'Email for ''sender'''),
('content_show_title', '1', 1, 'show h1 content title'),
('content_show_time', '1', 1, 'show content time. (publish, update, ...)'),
('content_show_author', '1', 1, 'show content author.'),
('content_items_perpage', '10', 1, 'number of posts per page.'),
('comment_allow', NULL, 1, 'allow site-wide new comment?\r\n0=no, 1=yes, null=up to each post''s setting'),
('comment_show_notallow', '0', 1, 'list old comments even if comment setting change to not allow new comment?\r\n0=not show, 1=show\r\nif 0 the system will not show comments when setting to not allow new comment.'),
('comment_perpage', '40', 1, 'number of comments per page'),
('comment_new_notify_admin', '1', 1, 'notify admin when new comment?\r\n0=no, 1=yes(require moderation only), 2=yes(all)'),
('comment_admin_notify_emails', 'admin@localhost.com', 1, 'emails of administrators to notify when new comment or moderation required ?'),
('media_allowed_types', '7z|aac|ace|ai|aif|aifc|aiff|avi|bmp|css|csv|doc|docx|eml|flv|gif|gz|h264|h.264|htm|html|jpeg|jpg|js|json|log|mid|midi|mov|mp3|mpeg|mpg|pdf|png|ppt|psd|swf|tar|text|tgz|tif|tiff|txt|wav|webm|word|xls|xlsx|xml|xsl|zip', 1, 'media upload allowed file types.\r\nthese types must specified mime-type in config/mimes.php');

-- --------------------------------------------------------

--
-- Table structure for table `an_files`
--

CREATE TABLE IF NOT EXISTS `an_files` (
  `file_id` int(11) NOT NULL AUTO_INCREMENT,
  `account_id` int(11) NOT NULL,
  `language` varchar(5) DEFAULT NULL,
  `file` varchar(255) DEFAULT NULL,
  `file_name` varchar(255) DEFAULT NULL,
  `file_original_name` varchar(255) DEFAULT NULL,
  `file_client_name` varchar(255) DEFAULT NULL,
  `file_mime_type` varchar(255) DEFAULT NULL,
  `file_ext` varchar(50) DEFAULT NULL,
  `file_size` int(11) NOT NULL DEFAULT '0',
  `media_name` varchar(255) DEFAULT NULL COMMENT 'name this file for use in frontend.',
  `media_description` text,
  `media_keywords` varchar(255) DEFAULT NULL,
  `file_add` bigint(20) DEFAULT NULL,
  `file_add_gmt` bigint(20) DEFAULT NULL,
  PRIMARY KEY (`file_id`)
) ENGINE=InnoDB DEFAULT CHARSET=utf8 AUTO_INCREMENT=1 ;

--
-- Dumping data for table `an_files`
--


-- --------------------------------------------------------

--
-- Table structure for table `an_frontpage_category`
--

CREATE TABLE IF NOT EXISTS `an_frontpage_category` (
  `tid` int(11) DEFAULT NULL,
  `language` varchar(5) DEFAULT NULL,
  KEY `tid` (`tid`)
) ENGINE=InnoDB DEFAULT CHARSET=utf8;

--
-- Dumping data for table `an_frontpage_category`
--

INSERT INTO `an_frontpage_category` (`tid`, `language`) VALUES
(1, 'th'),
(2, 'en');

-- --------------------------------------------------------

--
-- Table structure for table `an_menu_groups`
--

CREATE TABLE IF NOT EXISTS `an_menu_groups` (
  `mg_id` int(11) NOT NULL AUTO_INCREMENT,
  `mg_name` varchar(255) DEFAULT NULL,
  `mg_description` varchar(255) DEFAULT NULL,
  `language` varchar(5) DEFAULT NULL,
  PRIMARY KEY (`mg_id`)
) ENGINE=InnoDB DEFAULT CHARSET=utf8 AUTO_INCREMENT=1 ;

--
-- Dumping data for table `an_menu_groups`
--


-- --------------------------------------------------------

--
-- Table structure for table `an_menu_items`
--

CREATE TABLE IF NOT EXISTS `an_menu_items` (
  `mi_id` int(11) NOT NULL AUTO_INCREMENT,
  `parent_id` int(11) NOT NULL DEFAULT '0',
  `mg_id` int(11) DEFAULT NULL COMMENT 'menu group id',
  `position` int(5) NOT NULL DEFAULT '1',
  `language` varchar(5) DEFAULT NULL,
  `mi_type` varchar(255) DEFAULT NULL COMMENT 'refer to post_type, tax_type, link, custom_link',
  `type_id` int(11) DEFAULT NULL,
  `link_url` text,
  `link_text` varchar(255) DEFAULT NULL,
  `custom_link` text COMMENT 'when normal link field doesn''t fullfill your need',
  `nlevel` int(10) NOT NULL DEFAULT '1',
  PRIMARY KEY (`mi_id`),
  KEY `mg_id` (`mg_id`)
) ENGINE=InnoDB DEFAULT CHARSET=utf8 AUTO_INCREMENT=1 ;

--
-- Dumping data for table `an_menu_items`
--


-- --------------------------------------------------------

--
-- Table structure for table `an_modules`
--

CREATE TABLE IF NOT EXISTS `an_modules` (
  `module_id` int(11) unsigned NOT NULL AUTO_INCREMENT,
  `module_system_name` varchar(255) NOT NULL,
  `module_name` varchar(255) NOT NULL,
  `module_url` varchar(255) DEFAULT NULL,
  `module_version` varchar(30) DEFAULT NULL,
  `module_description` text,
  `module_author` varchar(255) DEFAULT NULL,
  `module_author_url` varchar(255) DEFAULT NULL,
  `module_enable` int(1) NOT NULL DEFAULT '0',
  `module_install` int(1) NOT NULL DEFAULT '0',
  `order_sort` int(1) NOT NULL DEFAULT '0',
  PRIMARY KEY (`module_id`),
  UNIQUE KEY `module_system_name` (`module_system_name`)
) ENGINE=InnoDB  DEFAULT CHARSET=utf8 AUTO_INCREMENT=2 ;

--
-- Dumping data for table `an_modules`
--

INSERT INTO `an_modules` (`module_id`, `module_system_name`, `module_name`, `module_url`, `module_version`, `module_description`, `module_author`, `module_author_url`, `module_enable`, `module_install`) VALUES
(1, 'core', 'Agni core module.', 'http://www.agnicms.org', NULL, 'Agni cms core module.', 'vee w.', 'http://okvee.net', 1, 0);

-- --------------------------------------------------------

--
-- Table structure for table `an_posts`
--

CREATE TABLE IF NOT EXISTS `an_posts` (
  `post_id` int(11) NOT NULL AUTO_INCREMENT,
  `revision_id` int(11) DEFAULT NULL,
  `account_id` int(11) NOT NULL,
  `post_type` varchar(255) DEFAULT NULL,
  `language` varchar(5) DEFAULT NULL,
  `theme_system_name` varchar(255) DEFAULT NULL,
  `post_name` varchar(255) DEFAULT NULL,
  `post_uri` tinytext,
  `post_uri_encoded` text,
  `post_feature_image` int(11) DEFAULT NULL COMMENT 'refer to file id',
  `post_comment` int(1) NOT NULL DEFAULT '0' COMMENT 'allow comment? 0=no, 1=yes',
  `post_status` int(1) NOT NULL DEFAULT '1' COMMENT 'published? 0=no, 1=yes',
  `post_add` bigint(20) DEFAULT NULL,
  `post_add_gmt` bigint(20) DEFAULT NULL,
  `post_update` bigint(20) DEFAULT NULL,
  `post_update_gmt` bigint(20) DEFAULT NULL,
  `post_publish_date` bigint(20) DEFAULT NULL,
  `post_publish_date_gmt` bigint(20) DEFAULT NULL,
  `meta_title` varchar(255) DEFAULT NULL,
  `meta_description` varchar(255) DEFAULT NULL,
  `meta_keywords` varchar(255) DEFAULT NULL,
  `content_settings` text COMMENT 'store serialize array of settings',
  `comment_count` int(9) NOT NULL DEFAULT '0',
  PRIMARY KEY (`post_id`),
  KEY `account_id` (`account_id`)
) ENGINE=InnoDB  DEFAULT CHARSET=utf8 COMMENT='for content-type article, pages, static content.' AUTO_INCREMENT=3 ;

--
-- Dumping data for table `an_posts`
--

INSERT INTO `an_posts` (`post_id`, `revision_id`, `account_id`, `post_type`, `language`, `theme_system_name`, `post_name`, `post_uri`, `post_uri_encoded`, `post_feature_image`, `post_comment`, `post_status`, `post_add`, `post_add_gmt`, `post_update`, `post_update_gmt`, `post_publish_date`, `post_publish_date_gmt`, `meta_title`, `meta_description`, `meta_keywords`, `content_settings`, `comment_count`) VALUES
(1, 1, 1, 'article', 'th', NULL, 'สวัสดี', 'สวัสดี', '%E0%B8%AA%E0%B8%A7%E0%B8%B1%E0%B8%AA%E0%B8%94%E0%B8%B5', NULL, 1, 1, 1341748097, 1341722897, 1341748097, 1341722897, 1341748097, 1341722897, NULL, NULL, NULL, NULL, 1),
(2, 2, 1, 'article', 'en', NULL, 'Hello', 'Hello', 'Hello', NULL, 1, 1, 1341748395, 1341723195, 1341748395, 1341723195, 1341748395, 1341723195, NULL, NULL, NULL, NULL, 1);

-- --------------------------------------------------------

--
-- Table structure for table `an_post_fields`
--

CREATE TABLE IF NOT EXISTS `an_post_fields` (
  `post_id` int(11) NOT NULL,
  `field_name` varchar(255) DEFAULT NULL,
  `field_value` text,
  KEY `post_id` (`post_id`)
) ENGINE=InnoDB DEFAULT CHARSET=utf8 COMMENT='store each field of posts';

--
-- Dumping data for table `an_post_fields`
--


-- --------------------------------------------------------

--
-- Table structure for table `an_post_revision`
--

CREATE TABLE IF NOT EXISTS `an_post_revision` (
  `revision_id` int(11) NOT NULL AUTO_INCREMENT,
  `post_id` int(11) NOT NULL,
  `account_id` int(11) NOT NULL,
  `header_value` text,
  `body_value` longtext,
  `body_summary` text,
  `log` text COMMENT 'explain that what was changed',
  `revision_date` bigint(20) DEFAULT NULL,
  `revision_date_gmt` bigint(20) DEFAULT NULL,
  PRIMARY KEY (`revision_id`),
  KEY `post_id` (`post_id`)
) ENGINE=InnoDB  DEFAULT CHARSET=utf8 AUTO_INCREMENT=3 ;

--
-- Dumping data for table `an_post_revision`
--

INSERT INTO `an_post_revision` (`revision_id`, `post_id`, `account_id`, `header_value`, `body_value`, `body_summary`, `log`, `revision_date`, `revision_date_gmt`) VALUES
(1, 1, 1, NULL, '<p>ยินดีต้อนรับสู่ระบบจัดการเนื้อหา อัคนี.</p>\r\n<p>นี่คือบทความแรกของคุณ คุณสามารถเข้ามาแก้ไขหรือลบได้ทันที.</p>', NULL, NULL, 1341748097, 1341722897),
(2, 2, 1, NULL, '<p>Welcome to Agni CMS.</p>\r\n<p>This is your first article, you can edit or delete in site admin page.</p>', NULL, NULL, 1341748395, 1341723195);

-- --------------------------------------------------------

--
-- Table structure for table `an_taxonomy_index`
--

CREATE TABLE IF NOT EXISTS `an_taxonomy_index` (
  `index_id` int(11) NOT NULL AUTO_INCREMENT,
  `post_id` int(11) NOT NULL DEFAULT '0' COMMENT 'post id',
  `tid` int(11) NOT NULL DEFAULT '0' COMMENT 'term id',
  `position` int(9) NOT NULL DEFAULT '1',
  `create` bigint(20) DEFAULT NULL COMMENT 'local date time',
  PRIMARY KEY (`index_id`),
  KEY `post_id` (`post_id`),
  KEY `tid` (`tid`)
) ENGINE=InnoDB  DEFAULT CHARSET=utf8 COMMENT='store id between taxonomy/posts' AUTO_INCREMENT=3 ;

--
-- Dumping data for table `an_taxonomy_index`
--

INSERT INTO `an_taxonomy_index` (`index_id`, `post_id`, `tid`, `position`, `create`) VALUES
(1, 1, 1, 1, 1341748097),
(2, 2, 2, 1, 1341748395);

-- --------------------------------------------------------

--
-- Table structure for table `an_taxonomy_term_data`
--

CREATE TABLE IF NOT EXISTS `an_taxonomy_term_data` (
  `tid` int(11) NOT NULL AUTO_INCREMENT,
  `parent_id` int(11) NOT NULL DEFAULT '0',
  `language` varchar(5) DEFAULT NULL,
  `t_type` varchar(255) DEFAULT NULL COMMENT 'type of taxonomy. eg. tag, category',
  `t_total` int(11) NOT NULL DEFAULT '0' COMMENT 'total posts relate to this.',
  `t_name` varchar(255) DEFAULT NULL,
  `t_description` longtext,
  `t_uri` tinytext,
  `t_uri_encoded` text,
  `t_uris` longtext COMMENT 'full path of uri, eg. animal/4legs/cat (no end slash and must uri encoded)',
  `meta_title` varchar(255) DEFAULT NULL,
  `meta_description` varchar(255) DEFAULT NULL,
  `meta_keywords` varchar(255) DEFAULT NULL,
  `theme_system_name` varchar(255) DEFAULT NULL,
  `nlevel` int(10) NOT NULL DEFAULT '1',
  PRIMARY KEY (`tid`)
) ENGINE=InnoDB  DEFAULT CHARSET=utf8 AUTO_INCREMENT=3 ;

--
-- Dumping data for table `an_taxonomy_term_data`
--

INSERT INTO `an_taxonomy_term_data` (`tid`, `parent_id`, `language`, `t_type`, `t_total`, `t_name`, `t_description`, `t_uri`, `t_uri_encoded`, `t_uris`, `meta_title`, `meta_description`, `meta_keywords`, `theme_system_name`, `nlevel`) VALUES
(1, 0, 'th', 'category', 1, 'หน้าแรก', NULL, 'home-th', 'home-th', 'home-th', NULL, NULL, NULL, NULL, 1),
(2, 0, 'en', 'category', 1, 'Home', NULL, 'home-en', 'home-en', 'home-en', NULL, NULL, NULL, NULL, 1);

-- --------------------------------------------------------

--
-- Table structure for table `an_themes`
--

CREATE TABLE IF NOT EXISTS `an_themes` (
  `theme_id` int(11) unsigned NOT NULL AUTO_INCREMENT,
  `theme_system_name` varchar(255) NOT NULL,
  `theme_name` varchar(255) NOT NULL,
  `theme_url` varchar(255) DEFAULT NULL,
  `theme_version` varchar(30) DEFAULT NULL,
  `theme_description` text,
  `theme_enable` int(1) NOT NULL DEFAULT '0',
  `theme_default` int(1) NOT NULL DEFAULT '0',
  `theme_default_admin` int(1) NOT NULL DEFAULT '0',
  `theme_settings` text,
  PRIMARY KEY (`theme_id`),
  UNIQUE KEY `theme_system_name` (`theme_system_name`)
) ENGINE=InnoDB  DEFAULT CHARSET=utf8 AUTO_INCREMENT=2 ;

--
-- Dumping data for table `an_themes`
--

INSERT INTO `an_themes` (`theme_id`, `theme_system_name`, `theme_name`, `theme_url`, `theme_version`, `theme_description`, `theme_enable`, `theme_default`, `theme_default_admin`, `theme_settings`) VALUES
(1, 'system', 'System', 'http://www.agnicms.org', '1.0', 'Agni system theme.', 1, 1, 1, NULL);

-- --------------------------------------------------------

--
-- Table structure for table `an_url_alias`
--

CREATE TABLE IF NOT EXISTS `an_url_alias` (
  `alias_id` int(11) NOT NULL AUTO_INCREMENT,
  `c_type` varchar(255) DEFAULT NULL COMMENT 'content type eg. article, page, category, tag, ...etc...',
  `c_id` int(11) DEFAULT NULL COMMENT 'those content id',
  `uri` tinytext,
  `uri_encoded` text,
  `redirect_to` tinytext COMMENT 'for use in url redirect',
  `redirect_to_encoded` text,
  `redirect_code` int(5) DEFAULT NULL COMMENT '301 permanent, 302 temporarily',
  `language` varchar(5) DEFAULT NULL,
  PRIMARY KEY (`alias_id`)
) ENGINE=InnoDB  DEFAULT CHARSET=utf8 AUTO_INCREMENT=5 ;

--
-- Dumping data for table `an_url_alias`
--

INSERT INTO `an_url_alias` (`alias_id`, `c_type`, `c_id`, `uri`, `uri_encoded`, `redirect_to`, `redirect_to_encoded`, `redirect_code`, `language`) VALUES
(1, 'category', 1, 'home-th', 'home-th', NULL, NULL, NULL, 'th'),
(2, 'article', 1, 'สวัสดี', '%E0%B8%AA%E0%B8%A7%E0%B8%B1%E0%B8%AA%E0%B8%94%E0%B8%B5', NULL, NULL, NULL, 'th'),
(3, 'category', 2, 'home-en', 'home-en', NULL, NULL, NULL, 'en'),
(4, 'article', 2, 'Hello', 'Hello', NULL, NULL, NULL, 'en');


--
-- Table structure for table `an_migrations`
--

CREATE TABLE `an_migrations` (
  `version` int(3) NOT NULL
) ENGINE=InnoDB DEFAULT CHARSET=utf8;







